<?xml version="1.0" encoding="utf-8" ?>
<introContent>
  <extensionContent id="org.springframework.ide.eclipse.doc" name="Spring IDE" style="css/overview.css"
    alt-style="css/overview.properties" path="overview/@">
    <group id="content-group" style-id="content-group">
      <link label="Spring IDE"
        url="http://org.eclipse.ui.intro/runAction?pluginId=org.eclipse.ui.ide&amp;class=org.eclipse.ui.actions.NewProjectAction&amp;standby=true"
        id="springide-overview" style-id="content-link">
        <text>Create a new Spring project</text>
      </link>
    </group>
  </extensionContent>
</introContent>
